kind,first_name,last_name,preferred_name,email,role,team,office,start_date,birthday,dob,end_date,retiring,manager_email,client_since,client_company,relationship_owner_email,address_line1,address_line2,town,postcode,deliver_to,opt_out,consent,status,leave_reason,leave_until,public_facts,private_notes,sign_as,preferred_signature,voice_sample,milestones
staff,James,Hartley,,james-hartley@hartleycrane.co.uk,Managing Partner,Partners,Manchester,2004-03-01,,1968-05-14,,,,,,,,,,,office,,,active,,,Founded the firm with Nadia Crane in 2004,,James,"James Hartley, Managing Partner","Right. Good week, everyone. Thanks to the Audit team for getting Northgate over the line. See you Monday.",
staff,Nadia,Crane,,nadia-crane@hartleycrane.co.uk,Tax Partner,Tax,Manchester,2004-03-01,,1971-11-02,,,,,,,,,,,office,,,active,,,,,Nadia,"Nadia Crane, Tax Partner",Thank you for trusting us with this. We'll keep it straightforward and keep you informed.,
staff,Tom,Whitfield,,tom-whitfield@hartleycrane.co.uk,Audit Partner,Audit,Manchester,2009-06-15,,1976-02-20,,,,,,,,,,,office,,,active,,,,,Tom,"Tom Whitfield, Audit Partner","Nice one. Right, who's got the Northgate file? Pub at six, first round's mine.",
staff,Aisha,Rahman,,aisha-rahman@hartleycrane.co.uk,Advisory Partner,Advisory,Manchester,2013-01-07,,1980-07-19,,,,,,,,,,,office,,,active,,,,,Aisha,"Aisha Rahman, Advisory Partner",Lovely to see this land. Let's make sure the client feels it too.,
staff,Mark,Ellison,,mark-ellison@hartleycrane.co.uk,"Partner, Leeds",Partners,Leeds,2011-09-05,,1973-12-08,,,,,,,,,,,office,,,active,,,,,Mark,"Mark Ellison, Partner",Good stuff. Leeds keeps delivering. Keep it up.,
staff,Rachel,Okafor,,rachel-okafor@hartleycrane.co.uk,Head of People,Operations,Manchester,2017-04-03,,1984-03-27,,,james-hartley@hartleycrane.co.uk,,,,,,,,office,,,active,,,,,Rachel,"Rachel Okafor, Head of People",,
staff,Sarah,Lindqvist,,sarah-lindqvist@hartleycrane.co.uk,Audit Manager,Audit,Manchester,2015-02-09,,1987-08-21,,,tom-whitfield@hartleycrane.co.uk,,,,,,,,office,,,active,,,,,Sarah,"Sarah Lindqvist, Audit Manager",Brilliant work on this. Genuinely. Now go home.,
staff,Helen,Marsh,,helen-marsh@hartleycrane.co.uk,Tax Manager,Tax,Manchester,2014-05-12,,1982-01-30,,,nadia-crane@hartleycrane.co.uk,,,,,,,,office,,,active,,,,,Helen,"Helen Marsh, Tax Manager","Welcome aboard. Ask anything, twice if you need to. The kettle is on the third floor.",
staff,Priya,Shah,,priya-shah@hartleycrane.co.uk,Tax Manager,Tax,Manchester,2018-03-05,,1989-10-01,,,nadia-crane@hartleycrane.co.uk,,,,42 Moor Lane,,Stockport,SK4 3JR,home,,,on-leave,parental,2027-02-01,Runs the Tax team's graduate mentoring scheme,On parental leave since 10 Aug; keep workload conversations for her return in February,Priya,"Priya Shah, Tax Manager",,
staff,Oliver,Grant,,oliver-grant@hartleycrane.co.uk,Advisory Manager,Advisory,Manchester,2019-01-14,,1990-04-11,,,aisha-rahman@hartleycrane.co.uk,,,,,,,,office,,,active,,,,,Oli,"Oliver Grant, Advisory Manager",,
staff,Lucy,Pemberton,,lucy-pemberton@hartleycrane.co.uk,Outsourcing Manager,Outsourcing,Leeds,2017-08-28,,1985-09-12,,,mark-ellison@hartleycrane.co.uk,,,,,,,,office,,,active,,,,,Lucy,"Lucy Pemberton, Outsourcing Manager","Thanks for everything, honestly. The payroll run has never once been late on your watch.",
staff,Chloe,Bennett,,chloe-bennett@hartleycrane.co.uk,Audit Senior,Audit,Manchester,2021-09-30,,1996-03-08,,,sarah-lindqvist@hartleycrane.co.uk,,,,,,,,office,,,active,,,Led the Northgate audit close in June | Runs the Thursday lunchtime 5k club | Qualified ACA in 2024,,,,,
staff,Daniel,Osei,,daniel-osei@hartleycrane.co.uk,Graduate Trainee,Tax,Manchester,2026-09-28,,2003-06-17,,,helen-marsh@hartleycrane.co.uk,,,,,,,,office,,,active,,,"Joining from Manchester Metropolitan, accounting and finance | Will sit with Helen's team on the third floor | Interviewed brilliantly on R&D tax credits",,,,,
staff,Marcus,Reid,,marcus-reid@hartleycrane.co.uk,Audit Associate,Audit,Manchester,2023-09-04,,1999-09-29,,,sarah-lindqvist@hartleycrane.co.uk,,,,,,,,office,,,active,,,Passed his final ACA exams in July | Volunteers on the firm's Number Partners school scheme,,,,,
staff,Fatima,Hussain,,fatima-hussain@hartleycrane.co.uk,Advisory Consultant,Advisory,Manchester,2022-02-14,,1993-10-02,,,oliver-grant@hartleycrane.co.uk,,,,,,,,office,,,active,,,Led the Calder Valley Brewing valuation this summer,,,,,
staff,Gary,Thompson,,gary-thompson@hartleycrane.co.uk,Office Coordinator,Operations,Leeds,2012-06-11,,1976-10-03,,,lucy-pemberton@hartleycrane.co.uk,,,,,,,,office,,,active,,,Organises the Leeds Friday fruit delivery | Ran the Leeds office move in 2023,,,,,
staff,Ian,Fletcher,,ian-fletcher@hartleycrane.co.uk,Systems Administrator,Operations,Manchester,2019-11-04,,1981-10-02,,,rachel-okafor@hartleycrane.co.uk,,,,,,,,office,true,,active,,,,,,,,
staff,Sophie,Nkemelu,,sophie-nkemelu@hartleycrane.co.uk,Bookkeeper,Outsourcing,Leeds,2024-01-08,,1997-09-30,,,lucy-pemberton@hartleycrane.co.uk,,,,,,,,home,,,active,,,Works from home three days a week,,,,,
staff,Amy,Walsh,,amy-walsh@hartleycrane.co.uk,Tax Senior,Tax,Manchester,2020-07-06,,1994-10-06,,,helen-marsh@hartleycrane.co.uk,,,,,,,,office,,,active,,,Ran the Making Tax Digital rollout for sole-trader clients,,,,,
staff,Kwame,Mensah,,kwame-mensah@hartleycrane.co.uk,Audit Associate,Audit,Leeds,2024-09-02,,2000-10-08,,,sarah-lindqvist@hartleycrane.co.uk,,,,,,,,office,,,active,,,Captain of the firm's five-a-side team,,,,,
staff,Emma,Clarke,,emma-clarke@hartleycrane.co.uk,Audit Associate,Audit,Manchester,2025-10-07,,2001-02-02,,,sarah-lindqvist@hartleycrane.co.uk,,,,,,,,office,,,active,,,Joined from a Big Four graduate scheme | Took over the Ribble Print Works fieldwork in her first month,,,,,
staff,Rob,Sinclair,,rob-sinclair@hartleycrane.co.uk,Payroll Specialist,Outsourcing,Leeds,2018-10-14,,1988-10-11,,,lucy-pemberton@hartleycrane.co.uk,,,,,,,,office,,,active,,,Never once missed a payroll run in eight years | Taught half the Leeds office to use pivot tables | Famous for the Friday bacon-roll order,,,,,
staff,Ben,Achebe,,ben-achebe@hartleycrane.co.uk,Management Accountant,Outsourcing,Leeds,2016-10-17,,1986-06-03,,,lucy-pemberton@hartleycrane.co.uk,,,,,,,,office,,,active,,,Runs the month-end close for twenty clients,,,,,
staff,Dev,Patel,,dev-patel@hartleycrane.co.uk,IT Manager,Operations,Manchester,2016-03-21,,1983-11-25,,,rachel-okafor@hartleycrane.co.uk,,,,,,,,office,,,active,,,,,Dev,"Dev Patel, IT Manager",,
staff,Hannah,Quinn,,hannah-quinn@hartleycrane.co.uk,Audit Senior,Audit,Manchester,2020-10-12,,1992-09-30,,,sarah-lindqvist@hartleycrane.co.uk,,,,,,,,office,,no,active,,,,,,,,
staff,Sophia,Wood,,sophia-wood@hartleycrane.co.uk,Audit Senior,Audit,Manchester,2013-04-24,,2001-08-11,,,sarah-lindqvist@hartleycrane.co.uk,,,,,,,,office,,,active,,,,,,,,
staff,Oscar,Larsson,,oscar-larsson@hartleycrane.co.uk,Audit Senior,Audit,Manchester,2022-07-03,,1995-09-08,,,sarah-lindqvist@hartleycrane.co.uk,,,,,,,,office,,,active,,,,,,,,
staff,Wei,Cox,,wei-cox@hartleycrane.co.uk,Audit Senior,Audit,Manchester,2025-02-23,,1998-04-03,,,sarah-lindqvist@hartleycrane.co.uk,,,,,,,,office,,,active,,,,,,,,
staff,Lily,Bell,,lily-bell@hartleycrane.co.uk,Audit Assistant Manager,Audit,Manchester,2017-04-12,,1998-02-21,,,sarah-lindqvist@hartleycrane.co.uk,,,,,,,,office,,,active,,,Has the tidiest desk in the building,,,,,
staff,Agnieszka,Hughes,,agnieszka-hughes@hartleycrane.co.uk,Audit Senior,Audit,Manchester,2013-02-21,,1976-06-22,,,sarah-lindqvist@hartleycrane.co.uk,,,,,,,,office,,,active,,,,,,,,
staff,Rhys,Price,,rhys-price@hartleycrane.co.uk,Audit Assistant Manager,Audit,Manchester,2021-12-12,,1993-06-09,,,sarah-lindqvist@hartleycrane.co.uk,,,,,,,,office,,,active,,,Runs the Wednesday walking group,,,,,
staff,Meera,Ward,,meera-ward@hartleycrane.co.uk,Audit Senior,Audit,Manchester,2015-07-23,,1993-10-10,,,sarah-lindqvist@hartleycrane.co.uk,,,,,,,,office,,,active,,,,,,,,
staff,Maryam,Harris,,maryam-harris@hartleycrane.co.uk,Tax Associate,Tax,Manchester,2016-07-07,,1986-11-04,,,helen-marsh@hartleycrane.co.uk,,,,,,,,office,,,active,,,,,,,,
staff,Sophia,Novak,,sophia-novak@hartleycrane.co.uk,Tax Associate,Tax,Manchester,2016-12-18,,1984-05-03,,,helen-marsh@hartleycrane.co.uk,,,,,,,,office,,,active,,,Has the tidiest desk in the building,,,,,
staff,Evie,Turner,,evie-turner@hartleycrane.co.uk,Tax Associate,Tax,Manchester,2013-06-11,,1996-07-09,,,helen-marsh@hartleycrane.co.uk,,,,,,,,office,,,active,,,,,,,,
staff,Mia,Begum,,mia-begum@hartleycrane.co.uk,Tax Associate,Tax,Manchester,2015-01-13,,1986-07-12,,,helen-marsh@hartleycrane.co.uk,,,,,,,,office,,,active,,,Mentors two of this year's graduates,,,,,
staff,Tariq,Harris,,tariq-harris@hartleycrane.co.uk,Tax Senior,Tax,Manchester,2024-07-04,,1986-07-22,,,helen-marsh@hartleycrane.co.uk,,,,,,,,office,,,active,,,Recently completed the CIMA case study,,,,,
staff,Rohan,Jensen,,rohan-jensen@hartleycrane.co.uk,Tax Senior,Tax,Manchester,2024-06-25,,1993-05-26,,,helen-marsh@hartleycrane.co.uk,,,,,,,,office,,,active,,,,,,,,
staff,Joel,Jensen,,joel-jensen@hartleycrane.co.uk,Advisory Analyst,Advisory,Manchester,2015-08-24,,1986-12-08,,,oliver-grant@hartleycrane.co.uk,,,,,,,,office,,,active,,,,,,,,
staff,Rhys,Ward,,rhys-ward@hartleycrane.co.uk,Advisory Analyst,Advisory,Manchester,2021-03-07,,1998-10-24,,,oliver-grant@hartleycrane.co.uk,,,,,,,,office,,,active,,,,,,,,
staff,Oliver,Okonkwo,,oliver-okonkwo@hartleycrane.co.uk,Advisory Consultant,Advisory,Manchester,2021-01-17,,1998-05-04,,,oliver-grant@hartleycrane.co.uk,,,,,,,,office,,,active,,,Organises the office bake sale for Macmillan every autumn,,,,,
staff,Yusuf,Harris,,yusuf-harris@hartleycrane.co.uk,Advisory Consultant,Advisory,Manchester,2013-02-08,,1993-11-23,,,oliver-grant@hartleycrane.co.uk,,,,,,,,office,,,active,,,,,,,,
staff,Bethan,Moore,,bethan-moore@hartleycrane.co.uk,Advisory Analyst,Advisory,Manchester,2012-12-02,,1990-07-12,,,oliver-grant@hartleycrane.co.uk,,,,,,,,office,,,active,,,Mentors two of this year's graduates,,,,,
staff,Rohan,Patel,,rohan-patel@hartleycrane.co.uk,Payroll Specialist,Outsourcing,Leeds,2020-10-22,,1979-03-10,,,lucy-pemberton@hartleycrane.co.uk,,,,,,,,office,,,active,,,Runs the Wednesday walking group,,,,,
staff,Harry,Price,,harry-price@hartleycrane.co.uk,Payroll Specialist,Outsourcing,Leeds,2013-01-04,,1990-02-21,,,lucy-pemberton@hartleycrane.co.uk,,,,,,,,office,,,active,,,Speaks fluent Polish and helps with the Kowalski group accounts,,,,,
staff,Ewan,Berg,,ewan-berg@hartleycrane.co.uk,Management Accountant,Outsourcing,Leeds,2019-01-01,,1993-05-12,,,lucy-pemberton@hartleycrane.co.uk,,,,,,,,office,,,active,,,Has the tidiest desk in the building,,,,,
staff,Evie,Baker,,evie-baker@hartleycrane.co.uk,Bookkeeper,Outsourcing,Leeds,2015-07-27,,1996-04-15,,,lucy-pemberton@hartleycrane.co.uk,,,,,,,,office,,,active,,,,,,,,
staff,Harry,Kelly,,harry-kelly@hartleycrane.co.uk,Bookkeeper,Outsourcing,Leeds,2018-10-24,,1986-05-12,,,lucy-pemberton@hartleycrane.co.uk,,,,,,,,office,,,active,,,,,,,,
staff,Agnieszka,Nowak,,agnieszka-nowak@hartleycrane.co.uk,People Advisor,Operations,Manchester,2024-12-11,,1966-03-06,,,rachel-okafor@hartleycrane.co.uk,,,,,,,,office,,,active,,,,,,,,
staff,Omar,Walker,,omar-walker@hartleycrane.co.uk,People Advisor,Operations,Manchester,2018-12-11,,1995-09-08,,,rachel-okafor@hartleycrane.co.uk,,,,,,,,office,,,active,,,,,,,,
client,Alison,Reid,,alison.reid@bramleyholdings.co.uk,Finance Director,,,,,,,,,2016-10-02,Bramley Holdings,nadia-crane@hartleycrane.co.uk,Bramley House,22 Deansgate,Manchester,M3 4LQ,client-registered,,,active,,,Started with annual accounts in 2016 and moved to fully outsourced finance in 2022 | Alison has been the main contact throughout,Renewal conversation due in November; price sensitive,,,,
client,Harriet,Kettlewell,,harriet.kettlewell@kettlewellcoffeeroasters.co.uk,Founder,,,,,,,,,2020-03-16,Kettlewell Coffee Roasters,aisha-rahman@hartleycrane.co.uk,"Unit 4, Dean Clough Mills",,Halifax,HX3 5AX,client-registered,,,active,,,Grew from one roastery to three in six years | Aisha advised on the 2024 growth funding,,,,,2026-10-08:Opening of the third roastery in Harrogate
client,Yuki,Martin,,yuki.martin@fenwickmarineltd.co.uk,Financial Controller,,,,,,,,,2011-08-01,Fenwick Marine Ltd,nadia-crane@hartleycrane.co.uk,"Fenwick Marine Ltd, 70 The Crescent",,Chester,CH39 1JS,client-registered,,,active,,,Long-standing client,,,,,
client,Jack,Byrne,,jack.byrne@ashworthdentalgroup.co.uk,Financial Controller,,,,,,,,,2019-05-24,Ashworth Dental Group,nadia-crane@hartleycrane.co.uk,"Ashworth Dental Group, 6 Moor Lane",,Warrington,WA23 5TF,client-registered,,,active,,,,,,,,
client,Anjali,Costa,,anjali.costa@penninetimberframes.co.uk,Owner,,,,,,,,,2010-02-26,Pennine Timber Frames,mark-ellison@hartleycrane.co.uk,"Pennine Timber Frames, 56 Oak Drive",,Warrington,WA31 8KX,client-registered,,,active,,,,,,,,
client,Lily,Turner,,lily.turner@caldervalleybrewing.co.uk,Founder,,,,,,,,,2013-11-03,Calder Valley Brewing,mark-ellison@hartleycrane.co.uk,"Calder Valley Brewing, 19 Canal Street",,Sheffield,S38 9KK,client-registered,,,active,,,,,,,,
client,Rohan,Dubois,,rohan.dubois@ribbleprintworks.co.uk,Owner,,,,,,,,,2018-10-24,Ribble Print Works,aisha-rahman@hartleycrane.co.uk,"Ribble Print Works, 41 Victoria Road",,Sheffield,S37 5LX,client-registered,,,active,,,,,,,,
client,Rhys,Wood,,rhys.wood@marsdenveterinarypractice.co.uk,Operations Director,,,,,,,,,2019-05-25,Marsden Veterinary Practice,mark-ellison@hartleycrane.co.uk,"Marsden Veterinary Practice, 97 Mill Lane",,Manchester,M39 2GJ,client-registered,,,active,,,Long-standing client,,,,,
client,Rohan,Wright,,rohan.wright@northgateproperty.co.uk,Owner,,,,,,,,,2025-05-18,Northgate Property,aisha-rahman@hartleycrane.co.uk,"Northgate Property, 19 Oak Drive",,Warrington,WA7 2DO,client-registered,,,active,,,Long-standing client,,,,,
client,Grace,Harris,,grace.harris@aireengineering.co.uk,Founder,,,,,,,,,2013-09-03,Aire Engineering,mark-ellison@hartleycrane.co.uk,"Aire Engineering, 113 Moor Lane",,Bolton,BL15 3UY,client-registered,,,active,,,,,,,,