kind,first_name,last_name,preferred_name,email,role,team,office,start_date,birthday,manager_email,client_since,client_company,relationship_owner_email,address_line1,address_line2,town,postcode,deliver_to,opt_out,status,leave_reason,leave_until,public_facts,private_notes,sign_as,preferred_signature,voice_sample,milestones
staff,James,Hartley,,james-hartley@hartleycrane.co.uk,Managing Partner,Partners,Manchester,2004-03-01,05-14,,,,,,,,,office,,active,,,Founded the firm with Nadia Crane in 2004,,James,"James Hartley, Managing Partner","Right. Good week, everyone. Thanks to the Audit team for getting Northgate over the line. See you Monday.",
staff,Nadia,Crane,,nadia-crane@hartleycrane.co.uk,Tax Partner,Tax,Manchester,2004-03-01,11-02,,,,,,,,,office,,active,,,,,Nadia,"Nadia Crane, Tax Partner",Thank you for trusting us with this. We'll keep it straightforward and keep you informed.,
staff,Tom,Whitfield,,tom-whitfield@hartleycrane.co.uk,Audit Partner,Audit,Manchester,2009-06-15,02-20,,,,,,,,,office,,active,,,,,Tom,"Tom Whitfield, Audit Partner","Nice one. Right, who's got the Northgate file? Pub at six, first round's mine.",
staff,Aisha,Rahman,,aisha-rahman@hartleycrane.co.uk,Advisory Partner,Advisory,Manchester,2013-01-07,07-19,,,,,,,,,office,,active,,,,,Aisha,"Aisha Rahman, Advisory Partner",Lovely to see this land. Let's make sure the client feels it too.,
staff,Mark,Ellison,,mark-ellison@hartleycrane.co.uk,"Partner, Leeds",Partners,Leeds,2011-09-05,12-08,,,,,,,,,office,,active,,,,,Mark,"Mark Ellison, Partner",Good stuff. Leeds keeps delivering. Keep it up.,
staff,Rachel,Okafor,,rachel-okafor@hartleycrane.co.uk,Head of People,Operations,Manchester,2017-04-03,03-27,james-hartley@hartleycrane.co.uk,,,,,,,,office,,active,,,,,Rachel,"Rachel Okafor, Head of People",,
staff,Sarah,Lindqvist,,sarah-lindqvist@hartleycrane.co.uk,Audit Manager,Audit,Manchester,2015-02-09,08-21,tom-whitfield@hartleycrane.co.uk,,,,,,,,office,,active,,,,,Sarah,"Sarah Lindqvist, Audit Manager",Brilliant work on this. Genuinely. Now go home.,
staff,Ben,Achebe,,ben-achebe@hartleycrane.co.uk,Audit Manager,Audit,Leeds,2016-10-17,06-03,mark-ellison@hartleycrane.co.uk,,,,,,,,office,,active,,,,,Ben,"Ben Achebe, Audit Manager",,
staff,Helen,Marsh,,helen-marsh@hartleycrane.co.uk,Tax Manager,Tax,Manchester,2014-05-12,01-30,nadia-crane@hartleycrane.co.uk,,,,,,,,office,,active,,,,,Helen,"Helen Marsh, Tax Manager","Welcome aboard. Ask anything, twice if you need to. The kettle is on the third floor.",
staff,Priya,Shah,,priya-shah@hartleycrane.co.uk,Tax Manager,Tax,Manchester,2018-03-05,10-01,nadia-crane@hartleycrane.co.uk,,,,42 Moor Lane,,Stockport,SK4 3JR,home,,on-leave,parental,2027-02-01,Runs the Tax team's graduate mentoring scheme,On parental leave since 10 Aug; keep workload conversations for her return in February,Priya,"Priya Shah, Tax Manager",,
staff,Oliver,Grant,,oliver-grant@hartleycrane.co.uk,Advisory Manager,Advisory,Manchester,2019-01-14,04-11,aisha-rahman@hartleycrane.co.uk,,,,,,,,office,,active,,,,,Oli,"Oliver Grant, Advisory Manager",,
staff,Lucy,Pemberton,,lucy-pemberton@hartleycrane.co.uk,Outsourcing Manager,Outsourcing,Leeds,2017-08-28,09-12,mark-ellison@hartleycrane.co.uk,,,,,,,,office,,active,,,,,Lucy,"Lucy Pemberton, Outsourcing Manager",,
staff,Dev,Patel,,dev-patel@hartleycrane.co.uk,IT Manager,Operations,Manchester,2016-03-21,11-25,rachel-okafor@hartleycrane.co.uk,,,,,,,,office,,active,,,,,Dev,"Dev Patel, IT Manager",,
staff,Chloe,Bennett,,chloe-bennett@hartleycrane.co.uk,Audit Senior,Audit,Manchester,2021-09-30,03-08,sarah-lindqvist@hartleycrane.co.uk,,,,,,,,office,,active,,,Led the Northgate audit close in June | Runs the Thursday lunchtime 5k club | Qualified ACA in 2024,,,,,
staff,Daniel,Osei,,daniel-osei@hartleycrane.co.uk,Graduate Trainee,Tax,Manchester,2026-09-28,06-17,helen-marsh@hartleycrane.co.uk,,,,,,,,office,,active,,,"Joining from Manchester Metropolitan, accounting and finance | Will sit with Helen's team on the third floor | Interviewed brilliantly on R&D tax credits",,,,,
staff,Marcus,Reid,,marcus-reid@hartleycrane.co.uk,Audit Associate,Audit,Manchester,2023-09-04,09-29,sarah-lindqvist@hartleycrane.co.uk,,,,,,,,office,,active,,,Passed his final ACA exams in July | Volunteers on the firm's Number Partners school scheme,,,,,
staff,Fatima,Hussain,,fatima-hussain@hartleycrane.co.uk,Advisory Consultant,Advisory,Manchester,2022-02-14,10-02,oliver-grant@hartleycrane.co.uk,,,,,,,,office,,active,,,Led the Calder Valley Brewing valuation this summer,,,,,
staff,Gary,Thompson,,gary-thompson@hartleycrane.co.uk,Office Coordinator,Operations,Leeds,2012-06-11,10-03,lucy-pemberton@hartleycrane.co.uk,,,,,,,,office,,active,,,Organises the Leeds Friday fruit delivery | Ran the Leeds office move in 2023,,,,,
staff,Ian,Fletcher,,ian-fletcher@hartleycrane.co.uk,Systems Administrator,Operations,Manchester,2019-11-04,10-02,dev-patel@hartleycrane.co.uk,,,,,,,,office,true,active,,,,,,,,
staff,Sophie,Nkemelu,,sophie-nkemelu@hartleycrane.co.uk,Bookkeeper,Outsourcing,Leeds,2024-01-08,09-30,lucy-pemberton@hartleycrane.co.uk,,,,,,,,home,,active,,,Works from home three days a week,,,,,
staff,Amy,Walsh,,amy-walsh@hartleycrane.co.uk,Tax Senior,Tax,Manchester,2020-07-06,10-06,helen-marsh@hartleycrane.co.uk,,,,,,,,office,,active,,,Ran the Making Tax Digital rollout for sole-trader clients,,,,,
staff,Kwame,Mensah,,kwame-mensah@hartleycrane.co.uk,Audit Associate,Audit,Leeds,2024-09-02,10-08,ben-achebe@hartleycrane.co.uk,,,,,,,,office,,active,,,Captain of the firm's five-a-side team,,,,,
staff,Laura,Kim,,laura-kim@hartleycrane.co.uk,Advisory Analyst,Advisory,Manchester,2025-01-13,10-09,oliver-grant@hartleycrane.co.uk,,,,,,,,office,,active,,,,,,,,
staff,Rob,Sinclair,,rob-sinclair@hartleycrane.co.uk,Payroll Specialist,Outsourcing,Leeds,2018-10-14,10-11,lucy-pemberton@hartleycrane.co.uk,,,,,,,,office,,active,,,Never once missed a payroll run in eight years,,,,,
staff,Emma,Clarke,,emma-clarke@hartleycrane.co.uk,Audit Associate,Audit,Manchester,2025-10-07,02-02,sarah-lindqvist@hartleycrane.co.uk,,,,,,,,office,,active,,,Joined from a Big Four graduate scheme | Took over the Ribble Print Works fieldwork in her first month,,,,,
staff,Jack,Harris,,jack-harris@hartleycrane.co.uk,Audit Assistant Manager,Audit,Manchester,2018-08-04,04-24,sarah-lindqvist@hartleycrane.co.uk,,,,,,,,office,,active,,,,,,,,
staff,Rosie,Moreau,,rosie-moreau@hartleycrane.co.uk,Audit Associate,Audit,Manchester,2025-12-28,07-20,sarah-lindqvist@hartleycrane.co.uk,,,,,,,,office,,active,,,,,,,,
staff,Piotr,Begum,,piotr-begum@hartleycrane.co.uk,Audit Associate,Audit,Manchester,2022-04-13,11-09,sarah-lindqvist@hartleycrane.co.uk,,,,,,,,office,,active,,,,,,,,
staff,Evie,Quinn,,evie-quinn@hartleycrane.co.uk,Audit Assistant Manager,Audit,Manchester,2013-02-20,04-09,sarah-lindqvist@hartleycrane.co.uk,,,,,,,,office,,active,,,,,,,,
staff,Evie,Berg,,evie-berg@hartleycrane.co.uk,Audit Senior,Audit,Manchester,2015-06-05,09-10,sarah-lindqvist@hartleycrane.co.uk,,,,,,,,office,,active,,,,,,,,
staff,Chen,Wright,,chen-wright@hartleycrane.co.uk,Audit Associate,Audit,Manchester,2021-08-03,02-21,sarah-lindqvist@hartleycrane.co.uk,,,,,,,,office,,active,,,,,,,,
staff,Ines,Rossi,,ines-rossi@hartleycrane.co.uk,Audit Assistant Manager,Audit,Manchester,2019-12-07,10-18,sarah-lindqvist@hartleycrane.co.uk,,,,,,,,office,,active,,,,,,,,
staff,Alfie,Khan,,alfie-khan@hartleycrane.co.uk,Audit Associate,Audit,Manchester,2017-04-16,03-23,sarah-lindqvist@hartleycrane.co.uk,,,,,,,,office,,active,,,Has the tidiest desk in the building,,,,,
staff,Sophia,Hussain,,sophia-hussain@hartleycrane.co.uk,Audit Assistant Manager,Audit,Manchester,2023-05-28,06-04,sarah-lindqvist@hartleycrane.co.uk,,,,,,,,office,,active,,,Moved from the Leeds office to Manchester last year,,,,,
staff,Oliver,Cox,,oliver-cox@hartleycrane.co.uk,Audit Senior,Audit,Manchester,2015-11-04,09-07,sarah-lindqvist@hartleycrane.co.uk,,,,,,,,office,,active,,,,,,,,
staff,Rosie,Hussain,,rosie-hussain@hartleycrane.co.uk,Audit Associate,Audit,Manchester,2016-12-18,05-03,sarah-lindqvist@hartleycrane.co.uk,,,,,,,,office,,active,,,Took the lead on the new timesheet system rollout,,,,,
staff,Rosie,Moore,,rosie-moore@hartleycrane.co.uk,Audit Associate,Audit,Manchester,2014-05-04,09-25,sarah-lindqvist@hartleycrane.co.uk,,,,,,,,office,,active,,,,,,,,
staff,Rosie,Ali,,rosie-ali@hartleycrane.co.uk,Audit Associate,Audit,Manchester,2026-02-18,03-11,sarah-lindqvist@hartleycrane.co.uk,,,,,,,,office,,active,,,,,,,,
staff,Jack,Wright,,jack-wright@hartleycrane.co.uk,Audit Senior,Audit,Manchester,2019-06-04,06-16,sarah-lindqvist@hartleycrane.co.uk,,,,,,,,office,,active,,,Organises the office bake sale for Macmillan every autumn,,,,,
staff,Yusuf,Patel,,yusuf-patel@hartleycrane.co.uk,Audit Assistant Manager,Audit,Manchester,2020-02-16,02-17,sarah-lindqvist@hartleycrane.co.uk,,,,,,,,office,,active,,,,,,,,
staff,Anjali,Martin,,anjali-martin@hartleycrane.co.uk,Audit Assistant Manager,Audit,Manchester,2024-06-25,09-22,sarah-lindqvist@hartleycrane.co.uk,,,,,,,,office,,active,,,,,,,,
staff,Fatima,Patel,,fatima-patel@hartleycrane.co.uk,Audit Assistant Manager,Audit,Manchester,2026-03-08,06-07,sarah-lindqvist@hartleycrane.co.uk,,,,,,,,office,,active,,,,,,,,
staff,Chen,Reyes,,chen-reyes@hartleycrane.co.uk,Audit Associate,Audit,Manchester,2020-09-06,11-08,sarah-lindqvist@hartleycrane.co.uk,,,,,,,,office,,active,,,Has the tidiest desk in the building,,,,,
staff,Grace,Moore,,grace-moore@hartleycrane.co.uk,Audit Assistant Manager,Audit,Manchester,2024-06-01,09-18,sarah-lindqvist@hartleycrane.co.uk,,,,,,,,office,,active,,,Led the client Christmas card project last December,,,,,
staff,Sean,Green,,sean-green@hartleycrane.co.uk,Audit Senior,Audit,Manchester,2017-02-07,02-14,sarah-lindqvist@hartleycrane.co.uk,,,,,,,,office,,active,,,Plays in a Sunday league football team,,,,,
staff,Lily,Ivanova,,lily-ivanova@hartleycrane.co.uk,Audit Associate,Audit,Manchester,2014-04-26,10-28,sarah-lindqvist@hartleycrane.co.uk,,,,,,,,office,,active,,,,,,,,
staff,Jack,Novak,,jack-novak@hartleycrane.co.uk,Audit Associate,Audit,Manchester,2017-01-26,01-16,sarah-lindqvist@hartleycrane.co.uk,,,,,,,,office,,active,,,,,,,,
staff,Thomas,Khan,,thomas-khan@hartleycrane.co.uk,Audit Senior,Audit,Manchester,2021-05-19,08-16,sarah-lindqvist@hartleycrane.co.uk,,,,,,,,office,,active,,,,,,,,
staff,Dylan,Ward,,dylan-ward@hartleycrane.co.uk,Audit Senior,Audit,Manchester,2015-04-08,07-15,sarah-lindqvist@hartleycrane.co.uk,,,,,,,,office,,active,,,Mentors two of this year's graduates,,,,,
staff,Mia,Hughes,,mia-hughes@hartleycrane.co.uk,Audit Associate,Audit,Leeds,2013-09-09,10-20,ben-achebe@hartleycrane.co.uk,,,,,,,,office,,active,,,,,,,,
staff,Ines,Hill,,ines-hill@hartleycrane.co.uk,Audit Senior,Audit,Leeds,2019-01-01,05-12,ben-achebe@hartleycrane.co.uk,,,,,,,,office,,active,,,Speaks fluent Polish and helps with the Kowalski group accounts,,,,,
staff,Rosie,Cox,,rosie-cox@hartleycrane.co.uk,Audit Associate,Audit,Leeds,2012-04-07,07-27,ben-achebe@hartleycrane.co.uk,,,,,,,,office,,active,,,Led the client Christmas card project last December,,,,,
staff,Sean,Cox,,sean-cox@hartleycrane.co.uk,Audit Associate,Audit,Leeds,2012-05-05,06-22,ben-achebe@hartleycrane.co.uk,,,,,,,,office,,active,,,,,,,,
staff,Zara,Owen,,zara-owen@hartleycrane.co.uk,Audit Senior,Audit,Leeds,2024-09-04,10-18,ben-achebe@hartleycrane.co.uk,,,,,,,,office,,active,,,,,,,,
staff,Layla,Quinn,,layla-quinn@hartleycrane.co.uk,Audit Associate,Audit,Leeds,2015-12-26,01-19,ben-achebe@hartleycrane.co.uk,,,,,,,,office,,active,,,,,,,,
staff,Kenji,Price,,kenji-price@hartleycrane.co.uk,Audit Senior,Audit,Leeds,2017-09-08,10-26,ben-achebe@hartleycrane.co.uk,,,,,,,,office,,active,,,Plays in a Sunday league football team,,,,,
staff,Noah,Adeyemi,,noah-adeyemi@hartleycrane.co.uk,Audit Associate,Audit,Leeds,2015-10-17,07-27,ben-achebe@hartleycrane.co.uk,,,,,,,,office,,active,,,Moved from the Leeds office to Manchester last year,,,,,
staff,Bethan,Harris,,bethan-harris@hartleycrane.co.uk,Audit Associate,Audit,Leeds,2017-09-16,05-24,ben-achebe@hartleycrane.co.uk,,,,,,,,office,,active,,,Took the lead on the new timesheet system rollout,,,,,
staff,Isla,Mensah,,isla-mensah@hartleycrane.co.uk,Audit Senior,Audit,Leeds,2018-09-06,08-17,ben-achebe@hartleycrane.co.uk,,,,,,,,office,,active,,,,,,,,
staff,Zara,Hughes,,zara-hughes@hartleycrane.co.uk,Audit Associate,Audit,Leeds,2025-12-25,06-27,ben-achebe@hartleycrane.co.uk,,,,,,,,office,,active,,,,,,,,
staff,Agnieszka,Owen,,agnieszka-owen@hartleycrane.co.uk,Audit Senior,Audit,Leeds,2020-04-06,08-06,ben-achebe@hartleycrane.co.uk,,,,,,,,office,,active,,,,,,,,
staff,Noah,Reyes,,noah-reyes@hartleycrane.co.uk,Tax Senior,Tax,Manchester,2014-11-26,12-12,helen-marsh@hartleycrane.co.uk,,,,,,,,office,,active,,,,,,,,
staff,Piotr,Shah,,piotr-shah@hartleycrane.co.uk,Tax Assistant Manager,Tax,Manchester,2019-07-22,11-19,helen-marsh@hartleycrane.co.uk,,,,,,,,office,,active,,,,,,,,
staff,Poppy,Davies,,poppy-davies@hartleycrane.co.uk,Tax Assistant Manager,Tax,Manchester,2019-06-26,08-21,helen-marsh@hartleycrane.co.uk,,,,,,,,office,,active,,,Took the lead on the new timesheet system rollout,,,,,
staff,Sean,Evans,,sean-evans@hartleycrane.co.uk,Tax Assistant Manager,Tax,Manchester,2026-01-23,01-27,helen-marsh@hartleycrane.co.uk,,,,,,,,office,,active,,,Runs the Wednesday walking group,,,,,
staff,Thomas,Quinn,,thomas-quinn@hartleycrane.co.uk,Tax Senior,Tax,Manchester,2012-05-28,05-18,helen-marsh@hartleycrane.co.uk,,,,,,,,office,,active,,,,,,,,
staff,Chen,Cooper,,chen-cooper@hartleycrane.co.uk,Tax Assistant Manager,Tax,Manchester,2014-03-04,07-01,helen-marsh@hartleycrane.co.uk,,,,,,,,office,,active,,,Recently completed the CIMA case study,,,,,
staff,Rohan,Baker,,rohan-baker@hartleycrane.co.uk,Tax Assistant Manager,Tax,Manchester,2013-12-18,05-07,helen-marsh@hartleycrane.co.uk,,,,,,,,office,,active,,,,,,,,
staff,Omar,Adeyemi,,omar-adeyemi@hartleycrane.co.uk,Tax Assistant Manager,Tax,Manchester,2019-09-25,05-08,helen-marsh@hartleycrane.co.uk,,,,,,,,office,,active,,,,,,,,
staff,Piotr,Ali,,piotr-ali@hartleycrane.co.uk,Tax Senior,Tax,Manchester,2013-03-03,11-07,helen-marsh@hartleycrane.co.uk,,,,,,,,office,,active,,,,,,,,
staff,Jacob,Nowak,,jacob-nowak@hartleycrane.co.uk,Tax Assistant Manager,Tax,Manchester,2019-02-21,04-18,helen-marsh@hartleycrane.co.uk,,,,,,,,office,,active,,,Mentors two of this year's graduates,,,,,
staff,Ava,Mensah,,ava-mensah@hartleycrane.co.uk,Tax Assistant Manager,Tax,Manchester,2017-05-23,04-04,helen-marsh@hartleycrane.co.uk,,,,,,,,office,,active,,,,,,,,
staff,Charlie,Nguyen,,charlie-nguyen@hartleycrane.co.uk,Tax Senior,Tax,Manchester,2023-08-19,10-28,helen-marsh@hartleycrane.co.uk,,,,,,,,office,,active,,,,,,,,
staff,Bethan,Costa,,bethan-costa@hartleycrane.co.uk,Tax Assistant Manager,Tax,Manchester,2022-04-18,09-22,helen-marsh@hartleycrane.co.uk,,,,,,,,office,,active,,,Led the client Christmas card project last December,,,,,
staff,Bethan,Ahmed,,bethan-ahmed@hartleycrane.co.uk,Tax Senior,Tax,Manchester,2018-11-02,12-08,helen-marsh@hartleycrane.co.uk,,,,,,,,office,,active,,,,,,,,
staff,Maryam,Rossi,,maryam-rossi@hartleycrane.co.uk,Tax Senior,Tax,Manchester,2018-09-06,02-07,helen-marsh@hartleycrane.co.uk,,,,,,,,office,,active,,,Plays in a Sunday league football team,,,,,
staff,Poppy,Clarke,,poppy-clarke@hartleycrane.co.uk,Tax Assistant Manager,Tax,Manchester,2013-03-03,01-13,helen-marsh@hartleycrane.co.uk,,,,,,,,office,,active,,,,,,,,
staff,Maryam,Jones,,maryam-jones@hartleycrane.co.uk,Tax Senior,Tax,Manchester,2019-05-12,03-15,priya-shah@hartleycrane.co.uk,,,,,,,,office,,active,,,,,,,,
staff,Charlie,Martin,,charlie-martin@hartleycrane.co.uk,Tax Associate,Tax,Manchester,2018-09-13,09-15,priya-shah@hartleycrane.co.uk,,,,,,,,office,,active,,,Has the tidiest desk in the building,,,,,
staff,Rohan,Singh,,rohan-singh@hartleycrane.co.uk,Tax Senior,Tax,Manchester,2022-04-26,03-06,priya-shah@hartleycrane.co.uk,,,,,,,,office,,active,,,,,,,,
staff,Chen,Novak,,chen-novak@hartleycrane.co.uk,Tax Associate,Tax,Manchester,2025-06-21,02-18,priya-shah@hartleycrane.co.uk,,,,,,,,office,,active,,,,,,,,
staff,Bethan,Morgan,,bethan-morgan@hartleycrane.co.uk,Tax Associate,Tax,Manchester,2018-05-03,02-08,priya-shah@hartleycrane.co.uk,,,,,,,,office,,active,,,,,,,,
staff,Agnieszka,Harris,,agnieszka-harris@hartleycrane.co.uk,Tax Associate,Tax,Manchester,2014-01-16,11-23,priya-shah@hartleycrane.co.uk,,,,,,,,office,,active,,,Moved from the Leeds office to Manchester last year,,,,,
staff,Rhys,Evans,,rhys-evans@hartleycrane.co.uk,Tax Associate,Tax,Manchester,2025-07-02,04-17,priya-shah@hartleycrane.co.uk,,,,,,,,office,,active,,,Runs the Wednesday walking group,,,,,
staff,Hannah,Cox,,hannah-cox@hartleycrane.co.uk,Tax Associate,Tax,Manchester,2025-02-13,12-28,priya-shah@hartleycrane.co.uk,,,,,,,,office,,active,,,,,,,,
staff,Isla,Byrne,,isla-byrne@hartleycrane.co.uk,Tax Associate,Tax,Manchester,2013-05-20,04-07,priya-shah@hartleycrane.co.uk,,,,,,,,office,,active,,,,,,,,
staff,Carys,Nguyen,,carys-nguyen@hartleycrane.co.uk,Tax Associate,Tax,Manchester,2020-06-05,11-09,priya-shah@hartleycrane.co.uk,,,,,,,,office,,active,,,,,,,,
staff,Chen,Fischer,,chen-fischer@hartleycrane.co.uk,Advisory Analyst,Advisory,Manchester,2019-05-16,06-17,oliver-grant@hartleycrane.co.uk,,,,,,,,office,,active,,,,,,,,
staff,Kenji,Wright,,kenji-wright@hartleycrane.co.uk,Corporate Finance Executive,Advisory,Manchester,2024-11-13,06-04,oliver-grant@hartleycrane.co.uk,,,,,,,,office,,active,,,,,,,,
staff,Tariq,Jones,,tariq-jones@hartleycrane.co.uk,Advisory Consultant,Advisory,Manchester,2026-03-08,10-26,oliver-grant@hartleycrane.co.uk,,,,,,,,office,,active,,,,,,,,
staff,Mia,Bell,,mia-bell@hartleycrane.co.uk,Advisory Consultant,Advisory,Manchester,2018-07-23,04-07,oliver-grant@hartleycrane.co.uk,,,,,,,,office,,active,,,,,,,,
staff,Yuki,Rossi,,yuki-rossi@hartleycrane.co.uk,Corporate Finance Executive,Advisory,Manchester,2023-03-25,01-02,oliver-grant@hartleycrane.co.uk,,,,,,,,office,,active,,,,,,,,
staff,Oscar,Byrne,,oscar-byrne@hartleycrane.co.uk,Advisory Consultant,Advisory,Manchester,2017-12-12,04-03,oliver-grant@hartleycrane.co.uk,,,,,,,,office,,active,,,,,,,,
staff,Meera,Turner,,meera-turner@hartleycrane.co.uk,Advisory Consultant,Advisory,Manchester,2016-11-12,07-19,oliver-grant@hartleycrane.co.uk,,,,,,,,office,,active,,,Recently completed the CIMA case study,,,,,
staff,Maryam,Novak,,maryam-novak@hartleycrane.co.uk,Advisory Consultant,Advisory,Manchester,2019-04-10,12-16,oliver-grant@hartleycrane.co.uk,,,,,,,,office,,active,,,,,,,,
staff,Ines,Hughes,,ines-hughes@hartleycrane.co.uk,Corporate Finance Executive,Advisory,Manchester,2012-10-21,07-06,oliver-grant@hartleycrane.co.uk,,,,,,,,office,,active,,,Moved from the Leeds office to Manchester last year,,,,,
staff,Thomas,Fischer,,thomas-fischer@hartleycrane.co.uk,Corporate Finance Executive,Advisory,Manchester,2025-11-24,09-22,oliver-grant@hartleycrane.co.uk,,,,,,,,office,,active,,,Took the lead on the new timesheet system rollout,,,,,
staff,Chen,Silva,,chen-silva@hartleycrane.co.uk,Advisory Analyst,Advisory,Manchester,2023-05-15,05-15,oliver-grant@hartleycrane.co.uk,,,,,,,,office,,active,,,Plays in a Sunday league football team,,,,,
staff,Noah,Shah,,noah-shah@hartleycrane.co.uk,Advisory Consultant,Advisory,Manchester,2013-01-05,01-28,oliver-grant@hartleycrane.co.uk,,,,,,,,office,,active,,,,,,,,
staff,Alfie,Kim,,alfie-kim@hartleycrane.co.uk,Corporate Finance Executive,Advisory,Manchester,2017-06-15,11-10,oliver-grant@hartleycrane.co.uk,,,,,,,,office,,active,,,Runs the Wednesday walking group,,,,,
staff,Oscar,Ward,,oscar-ward@hartleycrane.co.uk,Corporate Finance Executive,Advisory,Manchester,2025-09-12,05-02,oliver-grant@hartleycrane.co.uk,,,,,,,,office,,active,,,Moved from the Leeds office to Manchester last year,,,,,
staff,Ewan,Singh,,ewan-singh@hartleycrane.co.uk,Corporate Finance Executive,Advisory,Manchester,2025-05-02,03-05,oliver-grant@hartleycrane.co.uk,,,,,,,,office,,active,,,Took the lead on the new timesheet system rollout,,,,,
staff,Chen,Nguyen,,chen-nguyen@hartleycrane.co.uk,Corporate Finance Executive,Advisory,Manchester,2026-06-17,08-13,oliver-grant@hartleycrane.co.uk,,,,,,,,office,,active,,,Speaks fluent Polish and helps with the Kowalski group accounts,,,,,
staff,Ciaran,Shah,,ciaran-shah@hartleycrane.co.uk,Management Accountant,Outsourcing,Leeds,2022-07-04,07-12,lucy-pemberton@hartleycrane.co.uk,,,,,,,,office,,active,,,,,,,,
staff,Harry,Cox,,harry-cox@hartleycrane.co.uk,Management Accountant,Outsourcing,Leeds,2013-09-06,01-15,lucy-pemberton@hartleycrane.co.uk,,,,,,,,office,,active,,,Runs the Wednesday walking group,,,,,
staff,Wei,Hussain,,wei-hussain@hartleycrane.co.uk,Bookkeeper,Outsourcing,Leeds,2024-09-14,10-13,lucy-pemberton@hartleycrane.co.uk,,,,,,,,office,,active,,,,,,,,
staff,Oliver,Clarke,,oliver-clarke@hartleycrane.co.uk,Bookkeeper,Outsourcing,Leeds,2012-06-24,07-04,lucy-pemberton@hartleycrane.co.uk,,,,,,,,office,,active,,,,,,,,
staff,Maryam,Moore,,maryam-moore@hartleycrane.co.uk,Bookkeeper,Outsourcing,Leeds,2025-05-25,04-15,lucy-pemberton@hartleycrane.co.uk,,,,,,,,office,,active,,,,,,,,
staff,Ciaran,Jensen,,ciaran-jensen@hartleycrane.co.uk,Bookkeeper,Outsourcing,Leeds,2018-01-02,10-22,lucy-pemberton@hartleycrane.co.uk,,,,,,,,office,,active,,,Organises the office bake sale for Macmillan every autumn,,,,,
staff,Thomas,Singh,,thomas-singh@hartleycrane.co.uk,Payroll Specialist,Outsourcing,Leeds,2023-11-07,03-02,lucy-pemberton@hartleycrane.co.uk,,,,,,,,office,,active,,,Took the lead on the new timesheet system rollout,,,,,
staff,Freya,Byrne,,freya-byrne@hartleycrane.co.uk,Bookkeeper,Outsourcing,Leeds,2024-04-15,02-10,lucy-pemberton@hartleycrane.co.uk,,,,,,,,office,,active,,,,,,,,
staff,Rosie,Kowalski,,rosie-kowalski@hartleycrane.co.uk,Payroll Specialist,Outsourcing,Leeds,2016-06-01,04-17,lucy-pemberton@hartleycrane.co.uk,,,,,,,,office,,active,,,,,,,,
staff,Ewan,Lee,,ewan-lee@hartleycrane.co.uk,Bookkeeper,Outsourcing,Leeds,2020-01-25,12-23,lucy-pemberton@hartleycrane.co.uk,,,,,,,,office,,active,,,,,,,,
staff,Ewan,Nguyen,,ewan-nguyen@hartleycrane.co.uk,Bookkeeper,Outsourcing,Leeds,2014-04-01,06-26,lucy-pemberton@hartleycrane.co.uk,,,,,,,,office,,active,,,Recently completed the CIMA case study,,,,,
staff,Harry,Jensen,,harry-jensen@hartleycrane.co.uk,People Advisor,Operations,Manchester,2020-09-15,02-22,rachel-okafor@hartleycrane.co.uk,,,,,,,,office,,active,,,,,,,,
staff,Amelia,Green,,amelia-green@hartleycrane.co.uk,People Advisor,Operations,Manchester,2021-02-07,01-19,rachel-okafor@hartleycrane.co.uk,,,,,,,,office,,active,,,Plays in a Sunday league football team,,,,,
staff,Isla,Owen,,isla-owen@hartleycrane.co.uk,Receptionist,Operations,Manchester,2017-03-15,06-04,rachel-okafor@hartleycrane.co.uk,,,,,,,,office,,active,,,Recently completed the CIMA case study,,,,,
staff,Carys,Cooper,,carys-cooper@hartleycrane.co.uk,Marketing Executive,Operations,Manchester,2018-02-05,05-22,rachel-okafor@hartleycrane.co.uk,,,,,,,,office,,active,,,,,,,,
staff,Ciaran,Ahmed,,ciaran-ahmed@hartleycrane.co.uk,Marketing Executive,Operations,Manchester,2018-02-12,07-13,rachel-okafor@hartleycrane.co.uk,,,,,,,,office,,active,,,,,,,,
staff,Niamh,Martin,,niamh-martin@hartleycrane.co.uk,Receptionist,Operations,Manchester,2017-02-11,06-12,rachel-okafor@hartleycrane.co.uk,,,,,,,,office,,active,,,Runs the Wednesday walking group,,,,,
client,Alison,Reid,,alison.reid@bramleyholdings.co.uk,Finance Director,,,,,,2016-10-02,Bramley Holdings,nadia-crane@hartleycrane.co.uk,Bramley House,22 Deansgate,Manchester,M3 4LQ,client-registered,,active,,,Started with annual accounts in 2016 and moved to fully outsourced finance in 2022 | Alison has been the main contact throughout,Renewal conversation due in November; price sensitive,,,,
client,Harriet,Kettlewell,,harriet.kettlewell@kettlewellcoffeeroasters.co.uk,Founder,,,,,,2020-03-16,Kettlewell Coffee Roasters,aisha-rahman@hartleycrane.co.uk,"Unit 4, Dean Clough Mills",,Halifax,HX3 5AX,client-registered,,active,,,Grew from one roastery to three in six years | Aisha advised on the 2024 growth funding,,,,,2026-10-08:Opening of the third roastery in Harrogate
client,Frank,Lister,,frank.lister@listersonshaulage.co.uk,Managing Director,,,,,,2019-10-09,Lister & Sons Haulage,tom-whitfield@hartleycrane.co.uk,Lister Yard,Whitehall Road,Leeds,LS12 6ER,client-registered,,active,,,Third-generation family business | Audit client since 2019,,,,,
client,Tariq,Shah,,tariq.shah@fenwickmarineltd.co.uk,Financial Controller,,,,,,2022-10-21,Fenwick Marine Ltd,james-hartley@hartleycrane.co.uk,"Fenwick Marine Ltd, 97 The Crescent",,Manchester,M2 4IJ,client-registered,,active,,,Expanded into a second site in 2025,,,,,
client,Jacob,Wood,,jacob.wood@ashworthdentalgroup.co.uk,Financial Controller,,,,,,2013-11-09,Ashworth Dental Group,james-hartley@hartleycrane.co.uk,"Ashworth Dental Group, 96 Church Street",,Sheffield,S4 7FR,client-registered,,active,,,Family business now in its second generation,,,,,
client,Kenji,Harris,,kenji.harris@penninetimberframes.co.uk,Finance Director,,,,,,2014-01-02,Pennine Timber Frames,nadia-crane@hartleycrane.co.uk,"Pennine Timber Frames, 57 Station Road",,Sheffield,S2 7XS,client-registered,,active,,,,,,,,
client,Amelia,Doyle,,amelia.doyle@caldervalleybrewing.co.uk,Operations Director,,,,,,2013-03-10,Calder Valley Brewing,mark-ellison@hartleycrane.co.uk,"Calder Valley Brewing, 23 Church Street",,Bradford,BD40 4RH,client-registered,,active,,,Long-standing audit client,,,,,
client,Ines,Dubois,,ines.dubois@ribbleprintworks.co.uk,Chief Executive,,,,,,2024-01-03,Ribble Print Works,james-hartley@hartleycrane.co.uk,"Ribble Print Works, 28 Park Avenue",,Stockport,SK9 2XP,client-registered,,active,,,,,,,,
client,Niamh,Hussain,,niamh.hussain@marsdenveterinarypractice.co.uk,Operations Director,,,,,,2013-09-15,Marsden Veterinary Practice,tom-whitfield@hartleycrane.co.uk,"Marsden Veterinary Practice, 16 Mill Lane",,Bolton,BL13 5SL,client-registered,,active,,,Long-standing audit client,,,,,
client,Aisha,Evans,,aisha.evans@northgateproperty.co.uk,Owner,,,,,,2019-02-06,Northgate Property,james-hartley@hartleycrane.co.uk,"Northgate Property, 68 The Crescent",,Warrington,WA18 4OC,client-registered,,active,,,,,,,,
client,Kwame,Holm,,kwame.holm@aireengineering.co.uk,Operations Director,,,,,,2021-05-18,Aire Engineering,tom-whitfield@hartleycrane.co.uk,"Aire Engineering, 58 Station Road",,Leeds,LS15 4CX,client-registered,,active,,,,,,,,
client,Amelia,Begum,,amelia.begum@holroydfasteners.co.uk,Owner,,,,,,2013-03-13,Holroyd Fasteners,tom-whitfield@hartleycrane.co.uk,"Holroyd Fasteners, 7 High Street",,Bradford,BD17 2KN,client-registered,,active,,,Family business now in its second generation,,,,,
client,Rhys,Ward,,rhys.ward@whitworthtextiles.co.uk,Owner,,,,,,2012-01-11,Whitworth Textiles,mark-ellison@hartleycrane.co.uk,"Whitworth Textiles, 83 Victoria Road",,Manchester,M6 9EC,client-registered,,active,,,,,,,,
client,Maryam,Holm,,maryam.holm@saddleworthcheeseco.co.uk,Owner,,,,,,2015-06-06,Saddleworth Cheese Co,james-hartley@hartleycrane.co.uk,"Saddleworth Cheese Co, 67 The Crescent",,Manchester,M4 4WM,client-registered,,active,,,,,,,,
client,Lily,Singh,,lily.singh@tamevalleymotors.co.uk,Operations Director,,,,,,2025-08-02,Tame Valley Motors,mark-ellison@hartleycrane.co.uk,"Tame Valley Motors, 84 Mill Lane",,Chester,CH24 7OI,client-registered,,active,,,,,,,,
client,Omar,Hughes,,omar.hughes@clitheroeglass.co.uk,Chief Executive,,,,,,2023-11-09,Clitheroe Glass,mark-ellison@hartleycrane.co.uk,"Clitheroe Glass, 75 High Street",,Manchester,M36 9YU,client-registered,,active,,,,,,,,
client,Rohan,Dubois,,rohan.dubois@bowlandoutdoor.co.uk,Owner,,,,,,2024-11-18,Bowland Outdoor,nadia-crane@hartleycrane.co.uk,"Bowland Outdoor, 38 High Street",,Manchester,M30 8DO,client-registered,,active,,,,,,,,
client,Oliver,Khan,,oliver.khan@wharfedalewindows.co.uk,Owner,,,,,,2012-01-08,Wharfedale Windows,mark-ellison@hartleycrane.co.uk,"Wharfedale Windows, 67 High Street",,Leeds,LS36 1FI,client-registered,,active,,,,,,,,
client,Freya,Turner,,freya.turner@hebdenbridgebooks.co.uk,Finance Director,,,,,,2018-01-12,Hebden Bridge Books,aisha-rahman@hartleycrane.co.uk,"Hebden Bridge Books, 64 Victoria Road",,Bradford,BD40 8ZE,client-registered,,active,,,Long-standing audit client,,,,,
client,Poppy,Moreau,,poppy.moreau@peakprecisiontooling.co.uk,Managing Director,,,,,,2021-12-13,Peak Precision Tooling,james-hartley@hartleycrane.co.uk,"Peak Precision Tooling, 36 Church Street",,Leeds,LS29 7QC,client-registered,,active,,,Moved to cloud bookkeeping with us in 2023,,,,,
client,Isla,Kaur,,isla.kaur@ilkleyinteriors.co.uk,Founder,,,,,,2011-08-13,Ilkley Interiors,mark-ellison@hartleycrane.co.uk,"Ilkley Interiors, 67 Station Road",,Bolton,BL32 8KN,client-registered,,active,,,Family business now in its second generation,,,,,
client,Omar,Wood,,omar.wood@knutsfordkitchens.co.uk,Founder,,,,,,2010-10-20,Knutsford Kitchens,james-hartley@hartleycrane.co.uk,"Knutsford Kitchens, 117 Mill Lane",,Chester,CH39 7SX,client-registered,,active,,,,,,,,
client,Lily,Moore,,lily.moore@rochdaleroofing.co.uk,Financial Controller,,,,,,2020-03-26,Rochdale Roofing,nadia-crane@hartleycrane.co.uk,"Rochdale Roofing, 69 High Street",,Leeds,LS36 2YQ,client-registered,,active,,,Won a regional business award last year,,,,,
client,Aoife,Quinn,,aoife.quinn@otleyosteopaths.co.uk,Operations Director,,,,,,2024-11-08,Otley Osteopaths,james-hartley@hartleycrane.co.uk,"Otley Osteopaths, 69 High Street",,Sheffield,S6 9FW,client-registered,,active,,,Long-standing audit client,,,,,
client,Rosie,Holm,,rosie.holm@salesportsphysio.co.uk,Founder,,,,,,2023-09-09,Sale Sports Physio,tom-whitfield@hartleycrane.co.uk,"Sale Sports Physio, 91 Mill Lane",,York,YO16 9KH,client-registered,,active,,,,,,,,
client,Ella,Okonkwo,,ella.okonkwo@didsburydental.co.uk,Operations Director,,,,,,2024-02-08,Didsbury Dental,tom-whitfield@hartleycrane.co.uk,"Didsbury Dental, 112 Moor Lane",,Sheffield,S6 4DF,client-registered,,active,,,Won a regional business award last year,,,,,
client,Ava,Cooper,,ava.cooper@altrinchamarchitects.co.uk,Founder,,,,,,2017-02-07,Altrincham Architects,nadia-crane@hartleycrane.co.uk,"Altrincham Architects, 63 The Crescent",,Bolton,BL7 3YV,client-registered,,active,,,Won a regional business award last year,,,,,
client,Leo,Shah,,leo.shah@halifaxheating.co.uk,Financial Controller,,,,,,2014-05-27,Halifax Heating,mark-ellison@hartleycrane.co.uk,"Halifax Heating, 111 Mill Lane",,York,YO19 1ZA,client-registered,,active,,,Won a regional business award last year,,,,,
client,Dylan,Kelly,,dylan.kelly@skiptonstone.co.uk,Founder,,,,,,2013-12-09,Skipton Stone,mark-ellison@hartleycrane.co.uk,"Skipton Stone, 34 Oak Drive",,Manchester,M11 1UI,client-registered,,active,,,Won a regional business award last year,,,,,
client,Bethan,Berg,,bethan.berg@chorleycoldstorage.co.uk,Owner,,,,,,2019-04-16,Chorley Cold Storage,james-hartley@hartleycrane.co.uk,"Chorley Cold Storage, 95 Moor Lane",,Leeds,LS10 4UA,client-registered,,active,,,,,,,,
client,Mateusz,Ali,,mateusz.ali@burybakehouse.co.uk,Operations Director,,,,,,2024-04-08,Bury Bakehouse,tom-whitfield@hartleycrane.co.uk,"Bury Bakehouse, 46 The Crescent",,Bolton,BL11 4BC,client-registered,,active,,,Family business now in its second generation,,,,,
client,Chen,Ward,,chen.ward@wiganwireproducts.co.uk,Owner,,,,,,2011-05-21,Wigan Wire Products,aisha-rahman@hartleycrane.co.uk,"Wigan Wire Products, 119 Victoria Road",,Bradford,BD22 8OQ,client-registered,,active,,,Long-standing audit client,,,,,
client,Anjali,Bell,,anjali.bell@ramsbottomremovals.co.uk,Finance Director,,,,,,2023-05-20,Ramsbottom Removals,james-hartley@hartleycrane.co.uk,"Ramsbottom Removals, 120 Oak Drive",,Harrogate,HG19 1AJ,client-registered,,active,,,,,,,,
client,Noah,Wright,,noah.wright@todmordentextiles.co.uk,Owner,,,,,,2014-09-06,Todmorden Textiles,aisha-rahman@hartleycrane.co.uk,"Todmorden Textiles, 8 Moor Lane",,Stockport,SK17 7XY,client-registered,,active,,,Won a regional business award last year,,,,,
client,Niamh,Petrov,,niamh.petrov@prestwichpharmacy.co.uk,Chief Executive,,,,,,2020-11-17,Prestwich Pharmacy,aisha-rahman@hartleycrane.co.uk,"Prestwich Pharmacy, 65 Moor Lane",,Bradford,BD37 2WX,client-registered,,active,,,Won a regional business award last year,,,,,
client,Ella,Tanaka,,ella.tanaka@macclesfieldmedia.co.uk,Chief Executive,,,,,,2018-08-28,Macclesfield Media,nadia-crane@hartleycrane.co.uk,"Macclesfield Media, 92 Park Avenue",,Bradford,BD11 8LE,client-registered,,active,,,Family business now in its second generation,,,,,
client,Tariq,Jensen,,tariq.jensen@buxtonbottling.co.uk,Operations Director,,,,,,2019-04-12,Buxton Bottling,aisha-rahman@hartleycrane.co.uk,"Buxton Bottling, 113 Oak Drive",,Leeds,LS5 7QL,client-registered,,active,,,,,,,,
client,Dylan,Quinn,,dylan.quinn@glossopgardencentre.co.uk,Financial Controller,,,,,,2015-08-17,Glossop Garden Centre,mark-ellison@hartleycrane.co.uk,"Glossop Garden Centre, 57 Park Avenue",,York,YO7 4SC,client-registered,,active,,,Won a regional business award last year,,,,,
client,Chen,Green,,chen.green@hydehydraulics.co.uk,Finance Director,,,,,,2022-04-14,Hyde Hydraulics,james-hartley@hartleycrane.co.uk,"Hyde Hydraulics, 28 Park Avenue",,Warrington,WA18 1YX,client-registered,,active,,,,,,,,
client,Ewan,Doyle,,ewan.doyle@ashtonautoparts.co.uk,Finance Director,,,,,,2018-06-25,Ashton Auto Parts,james-hartley@hartleycrane.co.uk,"Ashton Auto Parts, 72 Canal Street",,York,YO29 4CN,client-registered,,active,,,Won a regional business award last year,,,,,